Workbook

Sheet Main Inventory 
A1: Item Name | B1: Category | C1: Unit (bag/ctn) | D1: Stock | E1: Unit cost | F1: Total Value | G1: Reorder point | H1: Status | I1: Supplier | J1: contact | M1: Note: Weighted average is used to determine the unit cost
A2: Caramel Syrup | B2: Syrup | C2: Bottle | D2: =SUMIF(Purchases!B:B,'Main Inventory '!A2,Purchases!C:C) -> 16 | E2: =SUMIFS(Purchases!E:E,Purchases!B:B,'Main Inventory '!A2)/SUMIFS(Purchases!C:C,Purchases!B:B,'Main Inventory '!A2) -> 197.5 | F2: =D2*E2 -> 3160 | G2: 5 | H2: =IF(D2<=G2,"REORDER","OK") -> OK | I2: =VLOOKUP(A2,Supplier!A:D,3,FALSE) -> Fabbles | J2: =VLOOKUP(A2,Supplier!A:D,4,FALSE) -> 0968-211-0364 | M2: Note: To automatically deduct COGS and updates the no. of stocks
A3: Vanilla Syrup | B3: Syrup | C3: Bottle | D3: =SUMIF(Purchases!B:B,'Main Inventory '!A3,Purchases!C:C) -> 8 | E3: =SUMIFS(Purchases!E:E,Purchases!B:B,'Main Inventory '!A3)/SUMIFS(Purchases!C:C,Purchases!B:B,'Main Inventory '!A3) -> 137.5 | F3: =D3*E3 -> 1100 | G3: 5 | H3: =IF(D3<=G3,"REORDER","OK") -> OK | I3: =VLOOKUP(A3,Supplier!A:D,3,FALSE) -> Fabbles | J3: =VLOOKUP(A3,Supplier!A:D,4,FALSE) -> 0968-211-0364
A4: Emborg | B4: Milk | C4: Carton | D4: =SUMIF(Purchases!B:B,'Main Inventory '!A4,Purchases!C:C) -> 7 | E4: =SUMIFS(Purchases!E:E,Purchases!B:B,'Main Inventory '!A4)/SUMIFS(Purchases!C:C,Purchases!B:B,'Main Inventory '!A4) -> 272.14286 | F4: =D4*E4 -> 1905 | G4: 5 | H4: =IF(D4<=G4,"REORDER","OK") -> OK | I4: =VLOOKUP(A4,Supplier!A:D,3,FALSE) -> Mico | J4: =VLOOKUP(A4,Supplier!A:D,4,FALSE) -> 0927-427-0943
A5: Coffee bean | B5: Beans | C5: Bag | D5: =SUMIF(Purchases!B:B,'Main Inventory '!A5,Purchases!C:C) -> 3 | E5: =SUMIFS(Purchases!E:E,Purchases!B:B,'Main Inventory '!A5)/SUMIFS(Purchases!C:C,Purchases!B:B,'Main Inventory '!A5) -> 333.33333 | F5: =D5*E5 -> 1000 | G5: 4 | H5: =IF(D5<=G5,"REORDER","OK") -> REORDER | I5: =VLOOKUP(A5,Supplier!A:D,3,FALSE) -> Dens | J5: =VLOOKUP(A5,Supplier!A:D,4,FALSE) -> 0901-123-4560

Sheet Purchases
A1: Date | B1: Item Name | C1: Qty | D1: Price per unit (total paid/qty) | E1: Total paid (invoice amount plus any df) | H1: Date | I1: 46052
A2: 46052 | B2: Caramel Syrup | C2: 10 | D2: =E2/C2 -> 105 | E2: 1050
A3: 46052 | B3: Emborg | C3: 5 | D3: =E3/C3 -> 190 | E3: 950 | H3: Row Labels | I3: Sum of Total paid (invoice amount plus any df)
A4: 46052 | B4: Coffee bean | C4: 3 | D4: =E4/C4 -> 333.33333 | E4: 1000 | H4: Caramel Syrup | I4: 1050
A5: 46058 | B5: Vanilla Syrup | C5: 8 | D5: =E5/C5 -> 137.5 | E5: 1100 | H5: 10 | I5: 1050
A6: 46072 | B6: Caramel Syrup | C6: 5 | D6: =E6/C6 -> 211 | E6: 1055 | H6: Coffee bean | I6: 1000
A7: 46073 | B7: Emborg | C7: 2 | D7: =E7/C7 -> 477.5 | E7: 955 | H7: 3 | I7: 1000
A8: 46073 | B8: Caramel Syrup | C8: 1 | D8: =E8/C8 -> 1055 | E8: 1055 | H8: Emborg | I8: 950
H9: 5 | I9: 950
H10: Grand Total | I10: 3000
H14: *Pivot table to show total purchases spent in a particular day

Sheet Supplier
A1: Item Name | B1: Category | C1: Supplier | D1: contact
A2: Caramel Syrup | B2: Syrup | C2: Fabbles | D2: 0968-211-0364
A3: Vanilla Syrup | B3: Syrup | C3: Fabbles | D3: 0968-211-0364
A4: Emborg | B4: Milk | C4: Mico | D4: 0927-427-0943
A5: Coffee bean | B5: Beans | C5: Dens | D5: 0901-123-4560

Sheet COST PER SERVING
A1: Recipe
A3: A. ICED COFFEE
A4: 1. Hot Latte serving | D4: 2. Iced caramel macchiato serving
A5: 0.7 oz of Espresso Beans | D5: 1 oz of Vanilla Syrup
A6: 10 oz of Whole Milk | D6: 10 oz of Cold Milk
A7: 1 oz of Vanilla Syrup | D7: 0.2 oz of Espresso Beans
A8: 1 unit of 12oz Paper Cup | D8: 0.5 oz of Caramel drizzle
A11: Coffee cost: | D11: *same format and process here
A12: =A5 -> 0.7 oz of Espresso Beans
A13: =('Main Inventory '!E5/250)*19.84 -> 26.453333
A15: Liquid cost:
A16: =A6 -> 10 oz of Whole Milk
A17: =('Main Inventory '!E4/1000)*295.74 -> 80.483529
A19: =A7 -> 1 oz of Vanilla Syrup
A20: =('Main Inventory '!E3/750)*29.57 -> 5.4211667
A23: Consumables:
A24: =A8 -> 1 unit of 12oz Paper Cup
A25: 5
A28: Total cost per serving
A29: =A13+A17+A20+A25 -> 117.35803

Sheet COST PER SERVING_Formula
A1: Ingredient breakdown:
A4: Coffee cost
A5: (Unit cost of bag / grams in bag) X Grams used in Recipe
A9: Liquid cost (milk/water)
A10: (Unit cost of carton / ml in carton) X ml used in drink
A14: Consumables (hidden costs)
A15: Examples:
A16: V60 paper filter
A17: Cups and Lid
A18: Sugar
A23: TOTAL COST PER SERVING
A24: Coffee Cost + Liquid Cost + Consumables
